t,S,I,R
0.0,990,10,0
0.11085100734229908,989,11,0
0.24958500520953122,988,12,0
0.3143924670464918,987,13,0
0.4187381648895242,987,12,1
0.45704075115651627,987,11,2
0.528894877724139,986,12,2
0.6195024951443067,985,13,2
0.6577036077891308,984,14,2
0.807485436446791,983,15,2
0.9136460307932821,983,14,3
0.9762486432618349,982,15,3
1.0781558006594802,982,14,4
1.091608486953405,982,13,5
1.1487009117740068,982,12,6
1.1725880991668023,981,13,6
1.278896218234549,980,14,6
1.3082779501442605,980,13,7
1.3768616954255937,979,14,7
1.445735869394094,978,15,7
1.4504577960407334,977,16,7
1.5180244863403018,977,15,8
1.6396101129550131,976,16,8
1.7162183305560266,976,15,9
2.0502408951352447,976,14,10
2.0728962323526154,975,15,10
2.2060739076332867,974,16,10
2.3043700659136714,974,15,11
2.3725122538413808,973,16,11
2.5665500293605206,973,15,12
2.6808660171940066,972,16,12
2.686160289236048,972,15,13
2.7638079218317424,972,14,14
2.7931473919524223,972,13,15
3.076983434688252,972,12,16
3.1324948956782976,971,13,16
3.259239571741394,971,12,17
3.393924943358091,970,13,17
3.4038515741544755,969,14,17
3.5541692033823185,968,15,17
3.623423760862507,967,16,17
3.9308157264758634,966,17,17
4.072936125472036,965,18,17
4.138505527306288,965,17,18
4.171308419467408,964,18,18
4.231614308109227,963,19,18
4.398191928800322,962,20,18
4.41548226079287,961,21,18
4.489471942278547,961,20,19
4.569689529066031,960,21,19
4.614669211980709,959,22,19
4.674806277624559,959,21,20
4.737738026184395,958,22,20
4.821108121918664,958,21,21
4.979110178457613,958,20,22
5.0285960743470515,957,21,22
5.075802989996035,956,22,22
5.135825461930751,955,23,22
5.175637358380106,954,24,22
5.21038228446746,953,25,22
5.216528736570063,952,26,22
5.239302572999981,952,25,23
5.283050096559216,951,26,23
5.435454477835032,950,27,23
5.693647933711741,949,28,23
5.702441301536325,949,27,24
5.715309616417034,948,28,24
5.75088675969125,947,29,24
5.779363091071953,947,28,25
5.789971001050763,947,27,26
5.8084512885212956,946,28,26
5.866725345242914,946,27,27
5.873415939610318,945,28,27
6.009484457894513,944,29,27
6.15310900266014,943,30,27
6.1834265154387404,943,29,28
6.192723594252418,942,30,28
6.201032530717518,941,31,28
6.306839698081541,941,30,29
6.321331706951601,940,31,29
6.395490685119099,939,32,29
6.409495671471399,939,31,30
6.419877613690228,938,32,30
6.427686488365175,938,31,31
6.442026338681025,938,30,32
6.469926859948978,937,31,32
6.562740448615911,936,32,32
6.606547954247526,935,33,32
6.634828784690145,934,34,32
6.824959964178919,933,35,32
6.887875266011354,933,34,33
7.021078498265869,932,35,33
7.034988188622427,931,36,33
7.108934350721013,930,37,33
7.128835225602961,930,36,34
7.259275584787038,929,37,34
7.290677490296564,928,38,34
7.332373325950274,927,39,34
7.4286039706301485,926,40,34
7.465166645629693,925,41,34
7.477318868936326,925,40,35
7.620462489867031,924,41,35
7.631589801648902,924,40,36
7.705552353517895,923,41,36
7.705671361083495,922,42,36
7.757353115239382,921,43,36
7.855907338003729,921,42,37
7.8682069610307535,920,43,37
7.8966434360781435,919,44,37
7.903376457086424,918,45,37
7.905253896028211,918,44,38
7.934255683494672,917,45,38
8.010634006676826,916,46,38
8.024140473508144,915,47,38
8.034345350597127,914,48,38
8.052208016762417,913,49,38
8.150849064614103,913,48,39
8.152981935933408,913,47,40
8.15983279728454,913,46,41
8.167196721073955,913,45,42
8.21288140655889,912,46,42
8.298460210498996,912,45,43
8.337527507614242,912,44,44
8.35512747667074,911,45,44
8.358347567393318,910,46,44
8.358588239376049,909,47,44
8.36371711147259,908,48,44
8.393791929305902,907,49,44
8.448606690027422,906,50,44
8.450334843108052,905,51,44
8.492912562558104,904,52,44
8.520081414056508,904,51,45
8.5974870934807,903,52,45
8.627083387030561,902,53,45
8.62952942725785,901,54,45
8.630182389753957,901,53,46
8.664481018915046,900,54,46
8.66592809697202,899,55,46
8.692820330067368,898,56,46
8.697099913027241,897,57,46
8.727113787391664,896,58,46
8.772876399830379,895,59,46
8.778508496167646,895,58,47
8.832768880125744,895,57,48
8.838306279285007,894,58,48
8.928038479541328,893,59,48
8.976710652639385,892,60,48
9.056692702431278,892,59,49
9.108771577940646,892,58,50
9.1089740983154,891,59,50
9.1671319880162,891,58,51
9.17215527831136,890,59,51
9.178119795251153,889,60,51
9.189190190712209,888,61,51
9.208527927479581,887,62,51
9.229035360024115,886,63,51
9.278026164253962,885,64,51
9.29880969297772,884,65,51
9.304589510835026,884,64,52
9.443168728112935,884,63,53
9.444975938558532,883,64,53
9.446326017144074,882,65,53
9.48013218223091,881,66,53
9.52854864608593,881,65,54
9.562910386210064,880,66,54
9.606961705088487,880,65,55
9.640615723518662,879,66,55
9.64159686882425,879,65,56
9.662583889429019,878,66,56
9.723304849137294,877,67,56
9.741057128265197,876,68,56
9.766840038027965,876,67,57
9.814801539531118,875,68,57
9.83097415037435,874,69,57
9.854216199629096,874,68,58
9.889685799941205,873,69,58
9.912968285050454,873,68,59
9.913518973910186,872,69,59
9.932673016158727,872,68,60
9.966287610871095,871,69,60
9.970525455690892,871,68,61
9.973242723169962,870,69,61
9.986877136793813,869,70,61
10.034882325243533,869,69,62
10.043535657691265,869,68,63
10.05348846871274,868,69,63
10.056722936839803,867,70,63
10.083000160074981,866,71,63
10.106152296468654,866,70,64
10.117367680234572,865,71,64
10.119141207371072,864,72,64
10.12037662464318,864,71,65
10.138249900057641,864,70,66
10.162475770091687,863,71,66
10.168253884892072,862,72,66
10.179372068029112,861,73,66
10.180383654756005,860,74,66
10.192330592906313,860,73,67
10.224349960111079,859,74,67
10.2340657581553,858,75,67
10.23626629210732,857,76,67
10.239563845132146,857,75,68
10.310645145338222,857,74,69
10.311290861327898,856,75,69
10.324712433099506,855,76,69
10.327817307060291,855,75,70
10.351555024206721,854,76,70
10.360492221106847,853,77,70
10.361890869085148,852,78,70
10.36348695649604,852,77,71
10.394544337637186,851,78,71
10.431564438320565,850,79,71
10.445255920690808,850,78,72
10.453538426396765,849,79,72
10.454024725638972,848,80,72
10.473364087122587,847,81,72
10.490912161737743,846,82,72
10.505582878763576,846,81,73
10.610652155063764,845,82,73
10.613886138455328,844,83,73
10.616684297312755,843,84,73
10.634904747040961,842,85,73
10.644485504668495,841,86,73
10.696766173325537,840,87,73
10.697403197353717,839,88,73
10.707015099468496,838,89,73
10.722398306823258,837,90,73
10.728082756232368,836,91,73
10.733806794858484,835,92,73
10.759527149569976,834,93,73
10.770659303204075,833,94,73
10.78497669074792,832,95,73
10.786408273323271,831,96,73
10.798575651810811,831,95,74
10.820611595429636,830,96,74
10.8376127686631,830,95,75
10.842460988951748,830,94,76
10.875582897146648,829,95,76
10.898296628192542,828,96,76
10.983532249404721,827,97,76
10.991387088641208,826,98,76
11.007374487224403,825,99,76
11.027727350292889,824,100,76
11.037527199717093,823,101,76
11.059489142976114,823,100,77
11.061239266510917,823,99,78
11.075160690593977,823,98,79
11.091119120380256,822,99,79
11.113945034519116,822,98,80
11.127752443159828,822,97,81
11.127849646268496,822,96,82
11.139067112425305,822,95,83
11.17470937588825,821,96,83
11.21802613508524,820,97,83
11.22089280640195,819,98,83
11.244505577325919,819,97,84
11.257791285987974,818,98,84
11.261172469642645,817,99,84
11.261457993998649,817,98,85
11.27711844548172,816,99,85
11.277531407707976,815,100,85
11.311179692664684,815,99,86
11.360787514773977,814,100,86
11.362805402202593,814,99,87
11.375588543233947,813,100,87
11.38080489470998,813,99,88
11.422612989203422,813,98,89
11.478495350228425,812,99,89
11.480786406380888,812,98,90
11.480804621162788,812,97,91
11.490240213685023,811,98,91
11.497880883140407,810,99,91
11.511551997370548,810,98,92
11.549407854238245,809,99,92
11.5706282857185,809,98,93
11.588641139359812,809,97,94
11.598372324415772,809,96,95
11.616482060060186,808,97,95
11.645179115808938,807,98,95
11.656734564618382,807,97,96
11.663571463045278,806,98,96
11.677781700885404,806,97,97
11.697652140428461,806,96,98
11.710926652774733,805,97,98
11.715415839728061,804,98,98
11.722811804479145,804,97,99
11.724506868104271,803,98,99
11.727409350690824,802,99,99
11.752780157255716,801,100,99
11.77217227535039,800,101,99
11.781934960557631,800,100,100
11.793987644761888,799,101,100
11.818800467659848,799,100,101
11.836948396330758,798,101,101
11.89302520085663,798,100,102
11.896124195436245,797,101,102
11.905710158864027,796,102,102
11.931497739120783,795,103,102
11.949273726466217,794,104,102
11.949305069014846,793,105,102
12.033174269922014,793,104,103
12.04887382152079,793,103,104
12.053543396928545,792,104,104
12.074288343153578,791,105,104
12.077298336549116,790,106,104
12.116090092428813,790,105,105
12.117233851921137,789,106,105
12.156368948484182,788,107,105
12.168483808125448,787,108,105
12.208005441086614,786,109,105
12.220565839743754,786,108,106
12.251030262310579,786,107,107
12.26590000399448,785,108,107
12.281616813936287,784,109,107
12.306040605054752,783,110,107
12.307387700897847,782,111,107
12.311921220431374,781,112,107
12.312210371329673,780,113,107
12.312374716496377,779,114,107
12.32202088828032,778,115,107
12.355752334535664,777,116,107
12.36409495633015,776,117,107
12.364205667363425,775,118,107
12.365055519103738,774,119,107
12.368186214441067,774,118,108
12.39617371189621,774,117,109
12.403417395032697,774,116,110
12.43447598227927,773,117,110
12.444564724973393,772,118,110
12.445046194733482,772,117,111
12.4525895483788,771,118,111
12.459580905680806,770,119,111
12.466592254174342,770,118,112
12.511991758949899,770,117,113
12.51300778388705,769,118,113
12.533059192858834,768,119,113
12.54371580181241,767,120,113
12.56164987426021,766,121,113
12.564407342270231,765,122,113
12.581047341568272,764,123,113
12.595059142067836,764,122,114
12.596256494194831,763,123,114
12.61134979088903,762,124,114
12.619256269305968,762,123,115
12.630330932171901,761,124,115
12.63522581425695,761,123,116
12.653311838130982,760,124,116
12.667979471288604,759,125,116
12.678119431581075,758,126,116
12.688299321791241,757,127,116
12.69539465821495,757,126,117
12.705922793540859,756,127,117
12.711385412936393,755,128,117
12.727990108548859,755,127,118
12.745522853654695,755,126,119
12.777884684921503,755,125,120
12.79791024670042,754,126,120
12.805893696745748,754,125,121
12.826291531479061,754,124,122
12.835730003399505,753,125,122
12.839034042022435,752,126,122
12.839124496057043,751,127,122
12.839655583897569,750,128,122
12.846527466191102,750,127,123
12.852588970091599,750,126,124
12.880923401235153,749,127,124
12.888389127911905,748,128,124
12.897650395690832,747,129,124
12.94024229157254,747,128,125
12.945585414444611,746,129,125
12.963006334593688,746,128,126
12.968353606732629,746,127,127
12.969964739151747,745,128,127
12.974794462779684,745,127,128
12.983948082209167,744,128,128
12.986314438497317,744,127,129
12.99547152620991,744,126,130
13.0046603949809,743,127,130
13.013752164566158,743,126,131
13.029409393234797,743,125,132
13.040371865517004,743,124,133
13.042822526146514,742,125,133
13.046847902069361,741,126,133
13.064039504932175,740,127,133
13.071596715670532,740,126,134
13.072779769048077,739,127,134
13.07827958194788,739,126,135
13.102176586716325,739,125,136
13.124247979043286,738,126,136
13.129885471819499,737,127,136
13.131348192281918,737,126,137
13.136031511978599,736,127,137
13.15569747997281,735,128,137
13.185969122822689,734,129,137
13.195913153699916,733,130,137
13.200969485256397,733,129,138
13.2028160869858,732,130,138
13.203265435449692,732,129,139
13.213159665669552,732,128,140
13.268702416433669,731,129,140
13.268775637230124,730,130,140
13.269348824060973,729,131,140
13.27370623451159,728,132,140
13.282090688128243,727,133,140
13.322971141563315,726,134,140
13.331756471533643,725,135,140
13.334738111439952,724,136,140
13.348350092400613,724,135,141
13.358668602920595,723,136,141
13.363478053863016,722,137,141
13.364280007669382,722,136,142
13.367438480124585,721,137,142
13.370929879378705,720,138,142
13.384135049395512,719,139,142
13.393622250272427,718,140,142
13.409766655365663,717,141,142
13.413252462848636,717,140,143
13.421508743940265,717,139,144
13.432778192776798,717,138,145
13.441849880860563,717,137,146
13.45669468213191,717,136,147
13.478308701782202,717,135,148
13.48082032053764,716,136,148
13.485728437062116,715,137,148
13.524945496787945,715,136,149
13.553536940168517,714,137,149
13.564489229784549,713,138,149
13.590716888149485,712,139,149
13.593270121082092,711,140,149
13.605027704695624,710,141,149
13.617586919618672,709,142,149
13.652600961420118,709,141,150
13.661023823900504,709,140,151
13.66851073019465,708,141,151
13.674278335534089,707,142,151
13.679515719293175,707,141,152
13.679709138252203,707,140,153
13.683953177314695,707,139,154
13.698674013686507,707,138,155
13.698855740081843,706,139,155
13.71366711771775,705,140,155
13.713962941898203,705,139,156
13.714744018805877,704,140,156
13.720440045103036,704,139,157
13.74637426178953,703,140,157
13.754653912458096,703,139,158
13.758508785799332,703,138,159
13.761259413779182,702,139,159
13.774423304839845,701,140,159
13.774660596760272,701,139,160
13.841762986949469,701,138,161
13.892731423335041,701,137,162
13.913996811540843,700,138,162
13.916557014858977,699,139,162
13.928229755176977,699,138,163
13.937972403486032,699,137,164
13.944388685251642,698,138,164
13.952750302056927,698,137,165
14.00026232843612,697,138,165
14.008965093334469,696,139,165
14.010876777437296,696,138,166
14.01414880366791,695,139,166
14.024822853370377,695,138,167
14.026741207425093,694,139,167
14.033803736764176,694,138,168
14.048785554608845,693,139,168
14.10822502874796,693,138,169
14.125718049790633,692,139,169
14.127006787339596,691,140,169
14.14157780436385,690,141,169
14.149422907635989,690,140,170
14.163239574242072,689,141,170
14.167337610819306,688,142,170
14.168036816882433,687,143,170
14.171637704218028,686,144,170
14.188639121644787,685,145,170
14.189592214157464,684,146,170
14.201529327887954,684,145,171
14.203104217981895,683,146,171
14.203994044287066,682,147,171
14.204345439131329,682,146,172
14.226858087512287,682,145,173
14.258529601286055,681,146,173
14.276889214965186,680,147,173
14.27913322917447,679,148,173
14.283447152145056,679,147,174
14.284483347916904,678,148,174
14.286877378359407,677,149,174
14.308011012843071,677,148,175
14.316285298103454,676,149,175
14.319841806761204,675,150,175
14.320327983066669,675,149,176
14.350908136318523,675,148,177
14.36055038378667,675,147,178
14.361636230616778,675,146,179
14.369303198792995,675,145,180
14.37971656342734,675,144,181
14.382003765408708,674,145,181
14.386181305773535,673,146,181
14.406189535251787,673,145,182
14.407673997649523,673,144,183
14.44035954890914,673,143,184
14.447821345674608,672,144,184
14.464513838843008,671,145,184
14.474222795146503,671,144,185
14.481227567015349,670,145,185
14.493241103503639,670,144,186
14.497627353068452,670,143,187
14.523092668191934,670,142,188
14.542453068763008,670,141,189
14.546839323159249,669,142,189
14.563979314160143,669,141,190
14.564684337335015,668,142,190
14.572950888085987,668,141,191
14.579136981950207,668,140,192
14.59413024669006,668,139,193
14.598628209547925,668,138,194
14.610178257453775,667,139,194
14.614209102365557,666,140,194
14.633017182105084,666,139,195
14.645444719586283,666,138,196
14.654243756661739,666,137,197
14.682200014868961,665,138,197
14.682673727414967,664,139,197
14.70156214403728,663,140,197
14.701887364857217,662,141,197
14.708248155435887,662,140,198
14.722367357647,661,141,198
14.754330190053626,661,140,199
14.762769124287116,660,141,199
14.779446386645999,660,140,200
14.823295830661463,659,141,200
14.827514948348474,658,142,200
14.842469752508268,657,143,200
14.858014394083385,656,144,200
14.875482338319495,655,145,200
14.877283740945872,655,144,201
14.913170636658867,654,145,201
14.92178044025272,653,146,201
14.922744144085076,653,145,202
14.941260750090663,653,144,203
14.949348040765724,653,143,204
14.953184083309415,652,144,204
14.97284112542163,651,145,204
14.990680248722496,651,144,205
15.042779939308902,651,143,206
15.046454762392381,650,144,206
15.057319581500009,650,143,207
15.060001454687193,650,142,208
15.072491909842569,650,141,209
15.073571057110293,649,142,209
15.075464328814771,648,143,209
15.101307934732668,648,142,210
15.104536200245995,648,141,211
15.10641017052201,647,142,211
15.133026805341744,647,141,212
15.140135877596414,647,140,213
15.1436729072425,646,141,213
15.144096595426769,645,142,213
15.15354442715267,644,143,213
15.161870716691737,644,142,214
15.184673335656836,644,141,215
15.201279229759074,643,142,215
15.21971969031901,642,143,215
15.234907476895172,641,144,215
15.239241408590408,641,143,216
15.253367136138671,641,142,217
15.259881232710407,640,143,217
15.262108684312402,639,144,217
15.267447037060194,638,145,217
15.282481149412346,638,144,218
15.285759179059497,638,143,219
15.29793237479847,637,144,219
15.30717222876588,637,143,220
15.308080824209135,637,142,221
15.331876838730047,636,143,221
15.368379549485804,635,144,221
15.376489138853884,634,145,221
15.391260660112216,634,144,222
15.400251821160905,634,143,223
15.403385982035132,634,142,224
15.422588924794628,633,143,224
15.458814279679086,633,142,225
15.50346858773362,632,143,225
15.510665798068251,632,142,226
15.511718292568379,631,143,226
15.572036862751272,630,144,226
15.578218577139921,630,143,227
15.581991754599526,629,144,227
15.587780410263242,629,143,228
15.59673265070908,629,142,229
15.60192161785475,628,143,229
15.60413872993643,628,142,230
15.626607815701414,627,143,230
15.65244600603881,626,144,230
15.664019583369658,626,143,231
15.666191980569646,626,142,232
15.688605020566254,625,143,232
15.714321494117902,624,144,232
15.730642945405677,624,143,233
15.75227773800454,623,144,233
15.757865515068676,622,145,233
15.764460761158162,622,144,234
15.766276609450394,622,143,235
15.807912456497725,621,144,235
15.810348382096116,620,145,235
15.81814134312968,619,146,235
15.842727616945501,619,145,236
15.844210209164999,619,144,237
15.84485814658021,619,143,238
15.867538039570121,619,142,239
15.889044702549523,619,141,240
15.899194405384177,618,142,240
15.907929595143207,618,141,241
15.911301448466382,617,142,241
15.926869016599076,616,143,241
15.93714400874645,615,144,241
15.938337932352622,614,145,241
15.944460127571737,614,144,242
15.966224660420117,614,143,243
15.971489690537064,614,142,244
15.976279548465111,613,143,244
15.9814515250298,612,144,244
16.00006710815993,612,143,245
16.00134587237231,611,144,245
16.002363234288136,611,143,246
16.010494296007526,610,144,246
16.017768156216803,609,145,246
16.018370719069203,609,144,247
16.044843644934854,609,143,248
16.047531717368898,608,144,248
16.05295200463605,608,143,249
16.05678261258872,608,142,250
16.06710926192081,607,143,250
16.08723263333819,607,142,251
16.1053224137935,607,141,252
16.111754069345004,607,140,253
16.1201924338126,606,141,253
16.122646821995602,606,140,254
16.123587430833993,606,139,255
16.15488782431784,606,138,256
16.15746899396836,606,137,257
16.16288349844629,606,136,258
16.166924934170634,606,135,259
16.17005361020779,605,136,259
16.173365801801882,605,135,260
16.177115015384697,604,136,260
16.18045982431531,603,137,260
16.1972982631371,603,136,261
16.198420080770102,602,137,261
16.21392378975633,602,136,262
16.230912312534542,601,137,262
16.25756741539781,600,138,262
16.284711579953694,599,139,262
16.32765132303625,598,140,262
16.36715700186412,598,139,263
16.388093535168817,597,140,263
16.40162528534463,596,141,263
16.407127250715586,595,142,263
16.411343274650562,595,141,264
16.441267252332302,594,142,264
16.461766584449116,593,143,264
16.469845350465583,592,144,264
16.54011891031526,592,143,265
16.544660826121373,592,142,266
16.546895545027002,591,143,266
16.58721901854702,590,144,266
16.612261398827634,590,143,267
16.62486851677851,589,144,267
16.641317797758557,588,145,267
16.650200766592597,588,144,268
16.65478503466438,587,145,268
16.657292871384215,586,146,268
16.658767113169862,586,145,269
16.66081964792924,586,144,270
16.66535220609046,585,145,270
16.676341014650408,585,144,271
16.69699357881981,585,143,272
16.70848996232065,584,144,272
16.723344536280266,583,145,272
16.723512413140885,582,146,272
16.72512536051069,582,145,273
16.732241692477754,581,146,273
16.737552566497815,580,147,273
16.748020521645717,580,146,274
16.783103671777198,580,145,275
16.783677876048337,579,146,275
16.7927854575665,578,147,275
16.795307428828416,577,148,275
16.796747764553924,577,147,276
16.80027400989481,576,148,276
16.800483205704314,575,149,276
16.810648902295807,575,148,277
16.84343685395956,574,149,277
16.858790562454654,573,150,277
16.873616621362796,573,149,278
16.88345749762955,573,148,279
16.909622718296017,573,147,280
16.932699140706184,573,146,281
16.973735915341678,572,147,281
16.977089496845256,571,148,281
16.991572302704846,570,149,281
17.005918353326287,570,148,282
17.02167967433861,570,147,283
17.03313356988158,569,148,283
17.046923060158242,569,147,284
17.0554890820055,569,146,285
17.067977797956253,568,147,285
17.086280993479445,567,148,285
17.105011896936308,566,149,285
17.116162863462115,565,150,285
17.116718348418683,564,151,285
17.117102238906593,563,152,285
17.120908994619764,562,153,285
17.123044766158287,562,152,286
17.14404417730606,562,151,287
17.161882100507587,562,150,288
17.16837612970833,562,149,289
17.168815093428496,562,148,290
17.17376689954148,562,147,291
17.199981956364667,562,146,292
17.211843516405814,562,145,293
17.241379924400373,561,146,293
17.244475893978333,561,145,294
17.24648263957534,560,146,294
17.246750876851344,559,147,294
17.251911308844242,558,148,294
17.25231486939247,558,147,295
17.33828007256311,558,146,296
17.35907570126034,557,147,296
17.37060421168254,557,146,297
17.391490623469878,556,147,297
17.395410223386783,555,148,297
17.400591477825902,554,149,297
17.412560785867097,553,150,297
17.426677709700115,553,149,298
17.444211985409353,553,148,299
17.445589407652616,553,147,300
17.446391947847786,552,148,300
17.447332124128,552,147,301
17.482907600247746,551,148,301
17.490525246234533,551,147,302
17.494568994255424,551,146,303
17.49727150822046,551,145,304
17.49911144997629,550,146,304
17.51234854103938,549,147,304
17.513721961361313,549,146,305
17.539069596359244,548,147,305
17.54693751565429,547,148,305
17.57988877391572,546,149,305
17.596195719513354,546,148,306
17.603591275494754,546,147,307
17.630174110795746,546,146,308
17.64663579713213,546,145,309
17.656771730781344,545,146,309
17.708756685011874,544,147,309
17.710696445768964,543,148,309
17.727825801780597,542,149,309
17.735567892519466,541,150,309
17.750626015160062,541,149,310
17.751889527967712,541,148,311
17.75425647082691,540,149,311
17.77086570796358,539,150,311
17.771510127516166,539,149,312
17.786301727212937,538,150,312
17.792852543184758,538,149,313
17.798387190584283,538,148,314
17.80065293921478,537,149,314
17.804518531286114,536,150,314
17.816374269536244,535,151,314
17.82695092382491,534,152,314
17.83426607752036,534,151,315
17.836456152104585,533,152,315
17.84241843885004,532,153,315
17.842510631760646,531,154,315
17.84649158713348,531,153,316
17.86862396568247,530,154,316
17.87158179303195,529,155,316
17.885592188929166,529,154,317
17.91777251296137,528,155,317
17.92393353113767,528,154,318
17.92920111296787,528,153,319
17.969432129562758,527,154,319
17.981369403466513,526,155,319
17.981584275482884,526,154,320
17.983462508827106,526,153,321
17.98534979013547,525,154,321
17.994905278961905,524,155,321
17.997936729797285,524,154,322
18.009068604492946,524,153,323
18.03363526168352,523,154,323
18.035669499318566,522,155,323
18.04643532229135,522,154,324
18.133615867704616,521,155,324
18.16616072271115,520,156,324
18.169547786404568,520,155,325
18.173221338270245,520,154,326
18.180384953806765,520,153,327
18.219957006372276,520,152,328
18.22887192634787,519,153,328
18.242807991506048,519,152,329
18.255402237550094,518,153,329
18.29741760986276,517,154,329
18.3020294402589,516,155,329
18.308665275860626,515,156,329
18.342334177570944,515,155,330
18.36639098642332,515,154,331
18.37482960266476,514,155,331
18.386044857749358,513,156,331
18.386058291064053,512,157,331
18.386814236981653,511,158,331
18.399478809683742,510,159,331
18.410799126445916,509,160,331
18.4133971749568,508,161,331
18.41568314540698,508,160,332
18.415963153219575,508,159,333
18.417843609732834,508,158,334
18.427967230223565,508,157,335
18.431469434061505,507,158,335
18.43156541234529,506,159,335
18.435819404071367,506,158,336
18.44986160579734,505,159,336
18.454330159169135,504,160,336
18.46541256669482,503,161,336
18.480836615934,503,160,337
18.4999683035292,503,159,338
18.512326558822114,503,158,339
18.5393141293733,503,157,340
18.553974112226705,502,158,340
18.55586653675331,502,157,341
18.576512863095864,502,156,342
18.59609603985497,501,157,342
18.59951225756744,501,156,343
18.612940714055465,500,157,343
18.61704482907912,499,158,343
18.637902192677377,498,159,343
18.653995081493015,498,158,344
18.66229646904385,497,159,344
18.675715094144092,496,160,344
18.696870330530288,496,159,345
18.708499149107194,495,160,345
18.711837547627646,495,159,346
18.719509906330217,495,158,347
18.736477981566544,494,159,347
18.73802777752619,494,158,348
18.739379166232563,494,157,349
18.748453702520937,493,158,349
18.78049845423003,493,157,350
18.78973253137507,492,158,350
18.80383990837679,491,159,350
18.863737703745276,491,158,351
18.86579155849311,491,157,352
18.869867588348935,490,158,352
18.884960266899867,490,157,353
18.888405476128657,489,158,353
18.914549419796963,488,159,353
18.939493351224648,487,160,353
18.943503079520866,486,161,353
18.99863196735798,486,160,354
19.00120703074983,485,161,354
19.008756693888962,484,162,354
19.019076060278522,483,163,354
19.025125626470263,483,162,355
19.0456874030811,483,161,356
19.0470963537386,482,162,356
19.053166275110247,481,163,356
19.05399693612624,480,164,356
19.061888420918525,479,165,356
19.07101155489783,479,164,357
19.078214960688072,479,163,358
19.098031716455147,478,164,358
19.10327381680248,478,163,359
19.12907654349197,477,164,359
19.133858921600748,476,165,359
19.135336589851715,476,164,360
19.135777725578265,476,163,361
19.136445592150398,476,162,362
19.157873117548174,476,161,363
19.16172195632197,475,162,363
19.16855612242281,475,161,364
19.1692757159296,475,160,365
19.188730989755896,474,161,365
19.22055279983126,474,160,366
19.237853943432814,474,159,367
19.240460807752505,473,160,367
19.244872815005593,473,159,368
19.25413931932971,473,158,369
19.267426215038707,472,159,369
19.279745827880276,471,160,369
19.281383735042844,470,161,369
19.285673427485314,470,160,370
19.294301628211976,469,161,370
19.302350290185608,469,160,371
19.329169121750216,469,159,372
19.335655220188467,469,158,373
19.336255257869837,469,157,374
19.35002520600297,469,156,375
19.358044975468577,469,155,376
19.375444547356306,468,156,376
19.38351959795913,467,157,376
19.393699986814166,466,158,376
19.409230858744547,466,157,377
19.409657204971232,465,158,377
19.429860155458435,465,157,378
19.43156393331627,465,156,379
19.43255195428955,464,157,379
19.463147980208603,463,158,379
19.479661314057495,463,157,380
19.489395954354826,462,158,380
19.491025152644454,462,157,381
19.518209002974267,461,158,381
19.521632537607758,461,157,382
19.522711947934,460,158,382
19.543603952534156,459,159,382
19.594889786854438,459,158,383
19.618074037135976,459,157,384
19.628668930050136,458,158,384
19.637130522323815,457,159,384
19.6508841307942,457,158,385
19.65927121751367,456,159,385
19.676272296888083,456,158,386
19.692227469859695,456,157,387
19.6932465803109,455,158,387
19.70012513514397,454,159,387
19.70962660448207,453,160,387
19.71330432648552,452,161,387
19.728150394534996,451,162,387
19.73032801747443,450,163,387
19.7342137240671,450,162,388
19.73698556684231,449,163,388
19.738729652962373,448,164,388
19.746931766728796,447,165,388
19.78363071946953,447,164,389
19.788411654967664,446,165,389
19.812777862014705,446,164,390
19.828538964507047,445,165,390
19.845013391045768,444,166,390
19.849907581948308,444,165,391
19.899921255366014,443,166,391
19.902395272998564,442,167,391
19.92619813904066,441,168,391
19.949690024371733,440,169,391
19.973681778995317,440,168,392
19.978898011487868,440,167,393
19.98052235540827,440,166,394
19.983127032779638,440,165,395
19.997698030585372,439,166,395
19.999101446420056,439,165,396
20.005514983871997,439,164,397
20.00728445837293,439,163,398
20.010103702356602,439,162,399
20.02238525722414,439,161,400
20.035096818139714,439,160,401
20.04872699468892,439,159,402
20.070630507500198,439,158,403
20.077924080918503,438,159,403
20.079600262051216,438,158,404
20.11024152116413,438,157,405
20.120034241969105,437,158,405
20.13630694510321,436,159,405
20.167178133659803,436,158,406
20.1709243434506,435,159,406
20.174569680131913,434,160,406
20.224077071720608,433,161,406
20.235943221695113,432,162,406
20.249357025403594,431,163,406
20.263791750927094,431,162,407
20.289078726701867,430,163,407
20.291303959602615,430,162,408
20.291953202550918,430,161,409
20.298878650221198,430,160,410
20.33177986162084,429,161,410
20.333854551224494,428,162,410
20.338706913434503,428,161,411
20.342781185069246,428,160,412
20.34401288613349,428,159,413
20.353402981218238,428,158,414
20.354297915724256,427,159,414
20.356403838164706,427,158,415
20.43024011774801,426,159,415
20.435895563072588,426,158,416
20.464186962995164,426,157,417
20.466704221634018,425,158,417
20.47178211940911,425,157,418
20.474144330505105,425,156,419
20.4926196707762,424,157,419
20.53781628503094,423,158,419
20.53910631157317,422,159,419
20.543453896838432,422,158,420
20.561328788419274,422,157,421
20.568735579074016,422,156,422
20.58056761696231,422,155,423
20.58552129958387,421,156,423
20.589224623626492,420,157,423
20.596491307170655,420,156,424
20.60737478045186,419,157,424
20.632416515870823,419,156,425
20.640647141992183,419,155,426
20.649719576816185,418,156,426
20.663107900354728,418,155,427
20.684505694712385,417,156,427
20.692990354087346,417,155,428
20.70244810782258,417,154,429
20.72367980652256,417,153,430
20.73409458861121,416,154,430
20.75847192518262,416,153,431
20.762705152057638,416,152,432
20.803156670864123,415,153,432
20.81465815841178,414,154,432
20.886094193923267,414,153,433
20.88655493291673,414,152,434
20.89530885119467,413,153,434
20.897924705458266,412,154,434
20.93445741808149,411,155,434
20.93521583474493,411,154,435
20.984284030081213,410,155,435
20.992154162246603,410,154,436
20.996335137818306,409,155,436
21.001534121663695,408,156,436
21.029792574219897,408,155,437
21.03800024252239,408,154,438
21.045394069645056,407,155,438
21.059546163224805,407,154,439
21.071285637694352,406,155,439
21.0816104949957,406,154,440
21.127013007307387,406,153,441
21.137796364424382,406,152,442
21.161755336930774,406,151,443
21.16774408306297,406,150,444
21.17030543628051,406,149,445
21.17258778069304,405,150,445
21.20998495906662,405,149,446
21.210631815500033,404,150,446
21.249971383591166,404,149,447
21.25605172077864,403,150,447
21.26368322676404,403,149,448
21.275329111691697,402,150,448
21.293420129495217,402,149,449
21.30706156914458,401,150,449
21.3813014057001,400,151,449
21.384017979325307,400,150,450
21.390775217352434,399,151,450
21.449036173610278,399,150,451
21.45904248310464,398,151,451
21.477495545271466,398,150,452
21.510167448516764,397,151,452
21.52940161295155,396,152,452
21.538771768703754,396,151,453
21.542512491589658,395,152,453
21.54771484702683,394,153,453
21.55906686866877,393,154,453
21.58248790068944,393,153,454
21.606678399156,393,152,455
21.607224819242386,392,153,455
21.635694623195324,391,154,455
21.67564995234228,390,155,455
21.690115370786398,390,154,456
21.732766394881846,390,153,457
21.734598351304776,390,152,458
21.75887469010962,389,153,458
21.7619983225475,389,152,459
21.772319995957332,389,151,460
21.79698626460728,388,152,460
21.802464401477646,387,153,460
21.807747493674356,386,154,460
21.82118887030272,386,153,461
21.82208368878839,386,152,462
21.823741138649382,385,153,462
21.835179454430815,385,152,463
21.835742942183593,384,153,463
21.887670636921456,383,154,463
21.890932700336386,383,153,464
21.898289259986846,383,152,465
21.90491615794006,383,151,466
21.951330555555106,383,150,467
21.953640790776532,382,151,467
21.96283092697263,381,152,467
21.981378947781216,381,151,468
21.981877683627815,381,150,469
21.99140370442174,381,149,470
22.002407786773095,380,150,470
22.013847668928193,379,151,470
22.040256283176298,379,150,471
22.052746576192714,378,151,471
22.05911258146646,378,150,472
22.07122262082871,378,149,473
22.07327605955485,377,150,473
22.075661297063085,376,151,473
22.080142903574714,375,152,473
22.094868764484026,375,151,474
22.102125410506083,375,150,475
22.11773187238602,374,151,475
22.13770747158356,374,150,476
22.15398826676696,374,149,477
22.15477691890757,374,148,478
22.17902008958197,374,147,479
22.18285353608839,374,146,480
22.189778707967086,374,145,481
22.227788593267384,373,146,481
22.236580140028657,372,147,481
22.253565613004593,372,146,482
22.257605947791195,372,145,483
22.25823307343176,372,144,484
22.260663503182407,372,143,485
22.32946972169826,372,142,486
22.343165680710257,372,141,487
22.344604723728658,371,142,487
22.349213874921617,371,141,488
22.360351616940754,371,140,489
22.38426120821878,371,139,490
22.387681630502865,371,138,491
22.387684279932962,371,137,492
22.40027950831602,371,136,493
22.423962102166673,371,135,494
22.455768557305653,371,134,495
22.4631080638833,370,135,495
22.513906205035983,370,134,496
22.514062855209993,369,135,496
22.52201498073363,369,134,497
22.541608626146875,369,133,498
22.619103992496395,369,132,499
22.62780291852372,369,131,500
22.63743559813632,369,130,501
22.64388575923879,368,131,501
22.65165242916191,368,130,502
22.654894842092276,367,131,502
22.663543150853062,367,130,503
22.693324484025762,367,129,504
22.701125273496665,366,130,504
22.727510483619138,365,131,504
22.732463150066135,365,130,505
22.747539294781895,365,129,506
22.75544349213286,364,130,506
22.75990171102993,363,131,506
22.76482813731986,363,130,507
22.7687534374976,363,129,508
22.782203262487222,363,128,509
22.784739561571026,362,129,509
22.79249825269404,362,128,510
22.796003851246716,362,127,511
22.82577598617143,361,128,511
22.84079470939721,361,127,512
22.854467805535467,360,128,512
22.881040392158006,360,127,513
22.885065946698017,360,126,514
22.886670174950332,360,125,515
22.89081241793874,359,126,515
22.900798091706598,358,127,515
22.936444024119282,357,128,515
22.95402780307218,357,127,516
22.96742475483331,356,128,516
22.972713501628732,356,127,517
22.98122950556557,356,126,518
22.98263298409955,356,125,519
22.997893688872193,355,126,519
23.005423885866325,354,127,519
23.027153625676505,354,126,520
23.04367412398336,353,127,520
23.0635702089319,353,126,521
23.076695151814395,352,127,521
23.081156541812803,351,128,521
23.121091416801804,351,127,522
23.124927634846763,351,126,523
23.15539230362697,350,127,523
23.157395439016526,350,126,524
23.15977296194849,350,125,525
23.17018006276538,350,124,526
23.181327130573113,350,123,527
23.238105236207335,349,124,527
23.240186129104167,349,123,528
23.252423082254715,348,124,528
23.27012480892884,348,123,529
23.277782988629088,347,124,529
23.284500094714787,346,125,529
23.290761075369158,346,124,530
23.326947705746424,346,123,531
23.342703710021624,346,122,532
23.34309602397332,345,123,532
23.347819437678353,345,122,533
23.35211501475519,344,123,533
23.393545149837934,343,124,533
23.40694061793207,342,125,533
23.44329508202626,342,124,534
23.454560743009456,341,125,534
23.509037515327545,340,126,534
23.5284445050307,339,127,534
23.545552313458646,338,128,534
23.546912562444245,338,127,535
23.593168922341853,338,126,536
23.61734694982856,337,127,536
23.65890959079066,336,128,536
23.697237818630633,335,129,536
23.739049066097994,335,128,537
23.743647304377067,334,129,537
23.75111669012657,333,130,537
23.77443439360731,332,131,537
23.81235738145632,332,130,538
23.812706823789892,332,129,539
23.815659514718902,332,128,540
23.8274784255863,331,129,540
23.85183650250293,330,130,540
23.858630822803597,330,129,541
23.861741156703225,330,128,542
23.872158444264272,330,127,543
23.887953549887527,329,128,543
23.91698100393021,329,127,544
23.92390689468748,328,128,544
23.926173952157054,328,127,545
23.932257844255176,328,126,546
23.934331522896468,328,125,547
23.945925405163035,328,124,548
23.958055456387193,327,125,548
23.96436667370823,327,124,549
23.968081744798095,326,125,549
23.9738822020612,326,124,550
24.01655516444342,326,123,551
24.053977320268018,325,124,551
24.05931251487185,325,123,552
24.08512965049897,324,124,552
24.10037075472973,324,123,553
24.116835585039613,323,124,553
24.161670479639028,322,125,553
24.177801636918073,321,126,553
24.187520386397594,321,125,554
24.205493319780164,320,126,554
24.24652494924305,319,127,554
24.264722725522404,318,128,554
24.27467585950528,317,129,554
24.274902757146002,317,128,555
24.27976976034649,317,127,556
24.28214167998485,316,128,556
24.305424993308222,316,127,557
24.314747081533486,315,128,557
24.342914511179764,315,127,558
24.389113842577103,315,126,559
24.437925865558036,315,125,560
24.45469102156907,315,124,561
24.4945085920946,314,125,561
24.50085972054052,313,126,561
24.509020757563484,312,127,561
24.53496396699595,312,126,562
24.535398029826524,312,125,563
24.570545354348727,312,124,564
24.606957410149608,312,123,565
24.664479331952872,312,122,566
24.675313647033676,311,123,566
24.684482120806702,311,122,567
24.688567586963927,311,121,568
24.721627009575656,310,122,568
24.73672761148546,310,121,569
24.745811018729775,310,120,570
24.804518153738755,309,121,570
24.866568290681315,308,122,570
24.874668874343453,308,121,571
24.881677093578656,307,122,571
24.898195728380625,306,123,571
24.911060793959457,306,122,572
24.916976382629812,306,121,573
24.959583839356554,306,120,574
24.984325911261752,305,121,574
24.993391551879068,305,120,575
25.01295840694901,304,121,575
25.029413833601833,304,120,576
25.03495352398759,304,119,577
25.055407326902223,304,118,578
25.08601734421479,303,119,578
25.087330173544306,303,118,579
25.089778639874975,302,119,579
25.103367945097183,301,120,579
25.11967322089751,300,121,579
25.124706572943147,299,122,579
25.132650716584106,299,121,580
25.16157638544542,298,122,580
25.162396185392694,298,121,581
25.18086006481193,298,120,582
25.183293185365464,297,121,582
25.1874435725876,297,120,583
25.191542519314073,297,119,584
25.197975075341315,296,120,584
25.207264680459836,295,121,584
25.230037442537157,295,120,585
25.238779514201358,295,119,586
25.243315042251538,295,118,587
25.244994790895298,294,119,587
25.252843436611947,294,118,588
25.275438268216014,294,117,589
25.27995617335354,294,116,590
25.341937213227247,293,117,590
25.349444227485172,293,116,591
25.381920704213186,292,117,591
25.393849877059054,292,116,592
25.453795019443124,292,115,593
25.4562264081608,291,116,593
25.476025909149662,291,115,594
25.60853193626362,291,114,595
25.6123143954184,290,115,595
25.645230651331225,290,114,596
25.66004306398132,290,113,597
25.661899660651052,290,112,598
25.670076531717164,290,111,599
25.80243343887253,290,110,600
25.928209000294455,289,111,600
25.938816511996812,289,110,601
25.944682508919662,289,109,602
25.96200762830096,289,108,603
25.965460082528303,289,107,604
25.97510102924208,289,106,605
25.98266700480219,288,107,605
25.996858878116324,287,108,605
26.083505327905506,287,107,606
26.08802559742774,286,108,606
26.09972001477187,286,107,607
26.152248778214915,285,108,607
26.174314984233057,285,107,608
26.203521495162306,285,106,609
26.23046585892312,285,105,610
26.23123829300796,285,104,611
26.250253734367064,285,103,612
26.260203620017354,285,102,613
26.328074920445008,285,101,614
26.418624418219423,284,102,614
26.429394639983343,283,103,614
26.47201711066426,283,102,615
26.488473434833374,283,101,616
26.491909580930344,283,100,617
26.493882858332256,283,99,618
26.50542070362561,283,98,619
26.5402186094009,283,97,620
26.60257710024448,282,98,620
26.65913126271172,282,97,621
26.663189244240883,282,96,622
26.721406269407325,281,97,622
26.76451483297822,280,98,622
26.86489553461642,279,99,622
26.869289229468702,279,98,623
26.982092982986472,279,97,624
27.025463901198393,279,96,625
27.085455702044325,279,95,626
27.12835786743386,279,94,627
27.169362700935046,279,93,628
27.18535810178398,279,92,629
27.238524538835986,279,91,630
27.256688796632286,279,90,631
27.297658693011893,279,89,632
27.373010156154844,279,88,633
27.424883049933715,279,87,634
27.437804404794566,279,86,635
27.44352127993076,279,85,636
27.530174645527378,278,86,636
27.530626892578326,278,85,637
27.570038428381146,277,86,637
27.578595240908157,277,85,638
27.58777609516922,276,86,638
27.588800181228827,276,85,639
27.60729406470388,276,84,640
27.613619167610242,276,83,641
27.737576521683888,276,82,642
27.766893012029527,276,81,643
27.910458436870794,276,80,644
27.936436146650333,275,81,644
27.94728565009725,274,82,644
27.992286139995706,274,81,645
28.00484697080448,274,80,646
28.015859906364895,274,79,647
28.06132756263037,274,78,648
28.084345287603497,273,79,648
28.108250564526806,273,78,649
28.120939459029504,273,77,650
28.175239237691272,273,76,651
28.208130284972157,273,75,652
28.242662560074713,273,74,653
28.25959057524491,272,75,653
28.270121676678045,272,74,654
28.428718586073746,272,73,655
28.46631971731262,271,74,655
28.488088884849837,271,73,656
28.49971908125557,271,72,657
28.510135787434812,271,71,658
28.531545451813408,271,70,659
28.56102473907069,270,71,659
28.581899633078276,269,72,659
28.59223345857745,269,71,660
28.678440718855164,268,72,660
28.692470225304923,268,71,661
28.698079822959123,268,70,662
28.700621043853555,267,71,662
28.70267888182932,267,70,663
28.70391932346127,266,71,663
28.744600173150676,265,72,663
28.76272604724248,265,71,664
28.772564935835888,265,70,665
28.778993405107407,264,71,665
28.801879992376794,263,72,665
28.832203972091413,263,71,666
28.833748803803992,263,70,667
28.8459051538332,262,71,667
28.85669239235309,261,72,667
28.876095580622593,260,73,667
28.88162423062932,260,72,668
28.92298415236014,259,73,668
29.048627602832173,259,72,669
29.079892795767904,259,71,670
29.305293890508548,259,70,671
29.310576400333243,258,71,671
29.339068647755795,257,72,671
29.35247079902628,257,71,672
29.427867122309575,257,70,673
29.535482314999697,257,69,674
29.541958617840137,256,70,674
29.546854318232278,256,69,675
29.57217509867823,255,70,675
29.61218256998571,255,69,676
29.79604218397344,255,68,677
29.911043031160528,254,69,677
29.95424337968898,254,68,678
30.014735761700646,254,67,679
30.017660403898574,254,66,680
30.033437214054988,254,65,681
30.04464592471166,253,66,681
30.047860620765462,253,65,682
30.057124406105487,253,64,683
30.060440216069537,253,63,684
30.09382978674012,252,64,684
30.225557723442737,251,65,684
30.27304093312119,250,66,684
30.27822467467498,249,67,684
30.280089513593826,249,66,685
30.283020017895563,249,65,686
30.343429563552256,249,64,687
30.36988713034255,249,63,688
30.516815904972105,249,62,689
30.51898103742687,248,63,689
30.53053873671761,247,64,689
30.56611016768434,247,63,690
30.56981142071216,247,62,691
30.60326187127232,247,61,692
30.64334038259551,247,60,693
30.689837521647707,247,59,694
30.724103338365747,247,58,695
30.799098503227647,247,57,696
30.853989391607875,246,58,696
30.952806403517823,245,59,696
31.132943460168192,245,58,697
31.134021183375012,245,57,698
31.15336804341683,245,56,699
31.164715746256164,245,55,700
31.20967586581569,245,54,701
31.219432380637,245,53,702
31.29299106144972,244,54,702
31.322157216989158,243,55,702
31.391608704963588,242,56,702
31.49167152777841,241,57,702
31.511011821681887,241,56,703
31.55754378518458,240,57,703
31.586393119740872,240,56,704
31.641101041851204,239,57,704
31.761733153362286,239,56,705
31.787869853737224,238,57,705
31.813664244636968,238,56,706
31.879021776786328,238,55,707
31.87951826961344,238,54,708
31.886301255523342,237,55,708
31.905513371840463,237,54,709
31.96592593977899,236,55,709
32.1016428041811,235,56,709
32.11665497077566,234,57,709
32.16706549021579,234,56,710
32.19369357910611,233,57,710
32.20584670550153,233,56,711
32.226786592416296,233,55,712
32.31499486964752,233,54,713
32.33455729640929,233,53,714
32.36113159229849,233,52,715
32.38201154879796,233,51,716
32.389947169048526,233,50,717
32.40103390059786,232,51,717
32.443434676608284,231,52,717
32.549473071693676,231,51,718
32.565922129286335,231,50,719
32.57330282165999,231,49,720
32.70556550261155,231,48,721
32.75672066448324,231,47,722
32.76166354272381,231,46,723
32.765708970346566,231,45,724
32.80467827830153,231,44,725
32.872165330473976,231,43,726
32.9843411375578,231,42,727
33.104778466668215,230,43,727
33.238990670105785,229,44,727
33.346046011565484,229,43,728
33.35014270254226,229,42,729
33.37427543768928,229,41,730
33.40820920256434,228,42,730
33.45504799419245,228,41,731
33.63591286361779,228,40,732
33.64354959908572,228,39,733
33.66152447454841,228,38,734
33.67153742049359,228,37,735
33.78818931320796,228,36,736
33.80911138825226,228,35,737
33.834976952829734,228,34,738
33.862407188963516,228,33,739
33.93949914281677,228,32,740
34.00660980865061,227,33,740
34.084200228078004,227,32,741
34.112281321204584,227,31,742
34.284020400675836,227,30,743
34.430589301918836,227,29,744
34.58721132369994,227,28,745
34.779544075080324,227,27,746
34.81272930063707,226,28,746
35.16863919422927,225,29,746
35.24566891146214,225,28,747
35.256305116769454,225,27,748
35.381186467542875,224,28,748
35.39214585808989,224,27,749
35.45305962212687,223,28,749
35.61713566272765,223,27,750
35.701504512448096,223,26,751
35.7256917581822,223,25,752
35.73312163380807,223,24,753
35.77615181225195,222,25,753
35.91726986849637,222,24,754
36.089279270735894,222,23,755
36.215999796990424,221,24,755
36.244509546164984,221,23,756
36.26346863361227,221,22,757
36.37442109306267,220,23,757
36.42192533209216,220,22,758
36.49117656219606,220,21,759
36.616539473698325,219,22,759
36.65015276172469,219,21,760
36.74789923048193,218,22,760
36.81518323098627,218,21,761
36.82735168599884,217,22,761
36.84513728516132,217,21,762
36.89555031601664,217,20,763
37.00257702151922,217,19,764
37.166681394828764,216,20,764
37.329921963847156,216,19,765
37.56223555061995,216,18,766
37.61696231099567,216,17,767
37.68582362687385,215,18,767
37.826090320766276,215,17,768
38.014877189049706,214,18,768
38.40487878832185,214,17,769
38.40957119652969,214,16,770
38.48632487068227,213,17,770
39.507204925278096,213,16,771
39.50786973684634,212,17,771
39.51221021901064,211,18,771
39.63783709087616,211,17,772
39.73717882000486,210,18,772
39.86470551577318,210,17,773
